peptide,allele,pseudosequence,presentation,neoantigen
ISEYRHYCY,HLA-A0101,YFAMYQENMAHTDANTLYIIYRDYTWVARVYRGY,0.9562,0.0957
HGDTPTLHEY,HLA-A0101,YFAMYQENMAHTDANTLYIIYRDYTWVARVYRGY,0.96,0.3284
DLQPETTDLY,HLA-A0101,YFAMYQENMAHTDANTLYIIYRDYTWVARVYRGY,0.8965,0.2447
AVCDKCLKFY,HLA-A0101,YFAMYQENMAHTDANTLYIIYRDYTWVARVYRGY,0.6052,0.4445
LKFYSKISEY,HLA-A0101,YFAMYQENMAHTDANTLYIIYRDYTWVARVYRGY,0.4161,0.3516
ETTDLYCY,HLA-A0101,YFAMYQENMAHTDANTLYIIYRDYTWVARVYRGY,0.7131,0.13
GTTLEQQY,HLA-A0101,YFAMYQENMAHTDANTLYIIYRDYTWVARVYRGY,0.5467,0.1585
CTELQTTIH,HLA-A0101,YFAMYQENMAHTDANTLYIIYRDYTWVARVYRGY,0.3232,0.1308
KISEYRHYCY,HLA-A0101,YFAMYQENMAHTDANTLYIIYRDYTWVARVYRGY,0.6581,0.1429
DTPTLHEY,HLA-A0101,YFAMYQENMAHTDANTLYIIYRDYTWVARVYRGY,0.7617,0.3075
SEYRHYCYSLY,HLA-A0101,YFAMYQENMAHTDANTLYIIYRDYTWVARVYRGY,0.2379,0.3249
YAVCDKCLKFY,HLA-A0101,YFAMYQENMAHTDANTLYIIYRDYTWVARVYRGY,0.5448,0.2077
SKISEYRHYCY,HLA-A0101,YFAMYQENMAHTDANTLYIIYRDYTWVARVYRGY,0.0505,0.1483
TTDLYCYEQLN,HLA-A0101,YFAMYQENMAHTDANTLYIIYRDYTWVARVYRGY,0.2992,0.2061
TTDLYCYEQ,HLA-A0101,YFAMYQENMAHTDANTLYIIYRDYTWVARVYRGY,0.4984,0.1686
LMGTLGIVCPI,HLA-A0101,YFAMYQENMAHTDANTLYIIYRDYTWVARVYRGY,0.0848,0.1045
LLMGTLGIVC,HLA-A0101,YFAMYQENMAHTDANTLYIIYRDYTWVARVYRGY,0.0633,0.2487
TLGIVCPI,HLA-A0101,YFAMYQENMAHTDANTLYIIYRDYTWVARVYRGY,0.0232,0.0942
YMLDLQPET,HLA-A0101,YFAMYQENMAHTDANTLYIIYRDYTWVARVYRGY,0.1181,0.0859
GTLGIVCPI,HLA-A0101,YFAMYQENMAHTDANTLYIIYRDYTWVARVYRGY,0.0365,0.1682
MGTLGIVCPI,HLA-A0101,YFAMYQENMAHTDANTLYIIYRDYTWVARVYRGY,0.0294,0.0637
YMLDLQPETT,HLA-A0101,YFAMYQENMAHTDANTLYIIYRDYTWVARVYRGY,0.2629,0.0508
YMLDLQPETTD,HLA-A0101,YFAMYQENMAHTDANTLYIIYRDYTWVARVYRGY,0.0352,0.1384
TTIHEIILECV,HLA-A0101,YFAMYQENMAHTDANTLYIIYRDYTWVARVYRGY,0.0429,0.1577
TLHEYMLDL,HLA-A0101,YFAMYQENMAHTDANTLYIIYRDYTWVARVYRGY,0.0989,0.1598
RTLEDLLMGTL,HLA-A0101,YFAMYQENMAHTDANTLYIIYRDYTWVARVYRGY,0.1112,0.1974
FQDPQERPI,HLA-A0101,YFAMYQENMAHTDANTLYIIYRDYTWVARVYRGY,0.1758,0.1703
LLMGTLGIV,HLA-A0101,YFAMYQENMAHTDANTLYIIYRDYTWVARVYRGY,0.0369,0.1245
MLDLQPETT,HLA-A0101,YFAMYQENMAHTDANTLYIIYRDYTWVARVYRGY,0.7195,0.3398
KLPDLCTELQT,HLA-A0101,YFAMYQENMAHTDANTLYIIYRDYTWVARVYRGY,0.0202,0.192
TIHDIILECV,HLA-A0101,YFAMYQENMAHTDANTLYIIYRDYTWVARVYRGY,0.0438,0.114
